disp_x,disp_y,id,strain_xx,strain_xy,strain_yy,stress_xx,stress_xy,stress_yy,x,y,z
-0.040281203009237,0.066055970697257,0,0.00049070996723034,-0.0092394882263969,0.0045218141791417,-3689498.4343332,-3070795.2905588,-2717008.1988844,3.2139380484327,-3.8302222155949,0
-0.02433213699462,0.038953053639709,4,3.7614437077227e-06,-0.0038987216002989,0.0018043513253988,-4225821.5378221,-934488.64011955,-3729025.905226,5.7850884871789,-6.8943999880708,0
-0.017177939370031,0.0272571195716,8,-7.0381264773168e-05,-0.0020745837593792,0.00091500873042952,-4346159.7551404,-204833.50375167,-4053297.6361776,8.356238925925,-9.9585777605467,0
-0.013352816118954,0.020950367097697,12,-0.00013213736950235,-0.0011077143498612,0.00069902262551949,-4403714.9563562,181914.26005553,-4135608.4459387,10.927389364671,-13.022755533023,0
-0.01093295178773,0.016924035234673,16,-4.3028020048869e-05,-0.00077082199154887,0.00044329411329375,-4366810.5938058,316671.20338045,-4219871.200103,13.498539803417,-16.086933305499,0
-0.0093344835124845,0.01424170051792,20,-6.5458469900492e-05,-0.00055610898573798,0.00024049555740614,-4397828.2803337,402556.40570481,-4294264.7399887,16.069690242163,-19.151111077974,0
-0.008151246129816,0.012303790009606,24,-1.7087534711602e-05,-0.00037087615338702,0.00013846493962603,-4374803.9341063,476649.53864519,-4326841.4550602,18.64084068091,-22.21528885045,0
