disp_x,disp_y,id,strain_xx,strain_xy,strain_yy,stress_xx,stress_xy,stress_yy,x,y,z
-1.7316046194682e-05,0.0086615284193796,24,-0.00018574428894466,0.0002466090625363,0.00019569926349511,-4479361.5419768,723643.62501452,-4320077.1277902,-9.9185841564444,-27.251086002791,0
6.4575305077342e-05,0.010089404240177,20,-0.00022034916908703,0.00029844634930149,0.0002376444765827,-4498358.3662915,744378.5397206,-4307881.7900938,-8.5505035831417,-23.492315519648,0
0.00015620271408165,0.01211017692044,16,-0.00033114984562667,0.00044245747734115,0.00037508291582959,-4558928.9674672,801982.99093646,-4267711.9912683,-7.1824230098391,-19.733545036504,0
0.00028767648230379,0.015078253684966,12,-0.00050691881115836,0.00065881308228492,0.00054144718022812,-4659216.8018759,888525.23291397,-4222475.0759205,-5.8143424365364,-15.97477455336,0
0.00042212111642517,0.019942410812285,8,-0.00079928472214719,0.0011531066056634,0.00089593892289191,-4819706.1687621,1086242.6422654,-4119401.2151491,-4.4462618632337,-12.216004070217,0
0.00040773682776608,0.02940441015366,4,-0.0019684222448034,0.0022251665456874,0.0025289723249893,-5443961.7169195,1515066.618275,-3630119.9839235,-3.078181289931,-8.4572335870732,0
-0.0021031973952398,0.057454218716131,0,-0.0091608030855288,0.0069839935847172,0.010378418123743,-9462956.4412477,3418597.4338869,-1406214.0865283,-1.7101007166283,-4.6984631039295,0
