disp_x,disp_y,id,strain_xx,strain_xy,strain_yy,stress_xx,stress_xy,stress_yy,x,y,z
-0.03068398002525,0.071827041048204,0,-0.003855084164611,-0.0068373023690275,0.010715944312217,-5999831.1521156,-2109920.947611,-853934.82772878,1.7101007166283,-4.6984631039295,0
-0.015801176949171,0.041594881049749,4,-0.0020760162690443,-0.001939954466476,0.0044907271944624,-5354089.4013087,-150981.78659039,-2936876.9066818,3.078181289931,-8.4572335870732,0
-0.010881480188968,0.028903119884701,8,-0.0012389902431027,-0.00084207893447174,0.0021126821641992,-5005479.6387222,288168.42621131,-3719762.4160151,4.4462618632337,-12.216004070217,0
-0.0083940832752659,0.02209993974717,12,-0.00058393217303624,-0.0005808760887611,0.0013003085508765,-4647370.1390802,392649.56449556,-3957187.7758375,5.8143424365364,-15.97477455336,0
-0.0068648659716158,0.017816806227547,16,-0.00045740975229416,-0.00034621763374233,0.00079190422140766,-4606788.6524851,486512.94650307,-4128825.2208121,7.182423009839,-19.733545036504,0
-0.0058716250054507,0.014977802866261,20,-0.00035755150261494,-0.00021280112483699,0.00057443316429738,-4559812.5566059,539879.5500652,-4198523.7685968,8.5505035831417,-23.492315519648,0
-0.0051423669983605,0.012908511617547,24,-0.00021660834912988,-0.00016726622786331,0.00043504235597934,-4479882.219659,558093.50885468,-4236940.8001465,9.9185841564444,-27.251086002791,0
