disp_x,disp_y,id,strain_xx,strain_xy,strain_yy,stress_xx,stress_xy,stress_yy,x,y,z
-0.0066089656198686,-0.050408275540838,0,-0.007062803416851,0.010571525512162,0.0054876870414113,-8502163.0482401,4853610.2048649,-2985686.5260774,2.5,4.3301270189222,0
-0.0042216302384542,-0.025839605336603,4,-0.0011152596692735,0.0024639293182265,0.0010759637452487,-5009672.2746901,1610571.7272906,-4080678.5668544,4.5,7.7942286340599,0
-0.0031821443852297,-0.017834004792764,8,-0.00061771389195326,0.0013466010869522,0.00065279347260129,-4721905.7797888,1163640.4347809,-4191641.6229611,6.5,11.258330249198,0
-0.0025683760970652,-0.013748460341415,12,-0.00029145133352682,0.00076831594773201,0.00027110661434028,-4541678.6153842,932326.3790928,-4301690.2523818,8.5,14.722431864335,0
-0.0021512579191494,-0.011294804516078,16,-0.00024820811815021,0.00055128579343986,0.0001168358950015,-4526223.2216442,845514.31737594,-4353377.5624895,10.5,18.186533479473,0
-0.0019060059680631,-0.00962094554974,20,-0.0001591596579408,0.0003403626927716,8.1621141074053e-05,-4471424.5296184,761145.07710864,-4358736.7342299,12.5,21.650635094611,0
-0.0017060991661235,-0.0084254043621355,24,-9.6683617717175e-05,0.00027132248656259,6.2962342123308e-05,-4432486.1437684,733528.99462504,-4360332.5906821,14.5,25.114736709749,0
