disp_x,disp_y,id,strain_xx,strain_xy,strain_yy,stress_xx,stress_xy,stress_yy,x,y,z
-0.033849041400156,-0.0047773660174504,0,0.0064772104417248,0.0064467144856977,-0.014010786305954,-1320192.3937227,3203685.7942791,-8861839.7196542,4.6984631039295,1.7101007166283,0
-0.015945611399808,-0.0044536747702706,4,0.001304505640106,0.0020913115841487,-0.0035681330006079,-3820464.0812241,1461524.6336595,-5545727.2113334,8.4572335870732,3.078181289931,0
-0.010588737509723,-0.0034749439283463,8,0.00029778210881593,0.0010978588452652,-0.0013700547877006,-4293596.2769032,1064143.5381061,-4841041.9553019,12.216004070217,4.4462618632337,0
-0.0080670223752381,-0.0028248484254204,12,0.00026067117767452,0.0005556497198953,-0.00081122960146775,-4272179.493681,847259.88795812,-4644090.3532779,15.97477455336,5.8143424365364,0
-0.0065718444621692,-0.0024092838299976,16,9.4170607346931e-05,0.00043247763479578,-0.00052958670459005,-4357090.370124,797991.05391831,-4556848.4167476,19.733545036504,7.182423009839,0
-0.0055705783440095,-0.0021456835910062,20,9.4239974139686e-05,0.00029445602331845,-0.00041386128492448,-4347633.8324422,742782.40932738,-4515431.6483188,23.492315519648,8.5505035831417,0
-0.0048803779392219,-0.0019183993070773,24,7.6971330173873e-05,0.00020766173685504,-0.00027737038166917,-4347715.5851495,708064.69474201,-4467994.2206805,27.251086002791,9.9185841564444,0
