disp_x,disp_y,id,strain_xx,strain_xy,strain_yy,stress_xx,stress_xy,stress_yy,x,y,z
-0.001028665163582,0.010147076299423,24,-0.00022251717154872,0.00018001328960558,0.00027923733171785,-4496379.6098921,697005.31584223,-4293174.5408362,-5.035797152341,-28.559424837354,0
-0.0011046894321583,0.011803134819486,20,-0.00027946214156239,0.00021693606103306,0.00039673656583877,-4523697.9841665,711774.42441323,-4255759.8456384,-4.3412044416733,-24.620193825305,0
-0.0012352880839226,0.014138414910984,16,-0.00042130719208647,0.00030538854787353,0.00060539761021021,-4598578.7856193,747155.41914941,-4192628.5357523,-3.6466117310055,-20.680962813256,0
-0.0014374063530158,0.017549410658571,12,-0.00065620671342965,0.00047938622617301,0.00088977639487698,-4727558.3458952,816754.4904692,-4109970.2829532,-2.9520190203378,-16.741731801208,0
-0.0018361499078548,0.023137665233224,8,-0.001199387315498,0.00080541083423023,0.0017384811221739,-5010267.7924455,947164.33369209,-3850445.5384526,-2.2574263096701,-12.802500789159,0
-0.002941944139836,0.033908144293878,4,-0.0024166006833864,0.0015245116163319,0.0032182713288158,-5678117.2981007,1234804.6465328,-3419910.6485935,-1.5628335990024,-8.8632697771099,0
-0.009916082457994,0.064137839369074,0,-0.0095662277578628,0.0025763067049929,0.013207458858472,-9495408.0487939,1655522.6819972,-426843.58447153,-0.86824088833465,-4.924038765061,0
