disp_x,disp_y,id,strain_xx,strain_xy,strain_yy,stress_xx,stress_xy,stress_yy,x,y,z
0.0090429297483168,-0.065501016372454,0,-0.009572526297747,0.0025757048424205,0.013242847030682,-9496608.5976358,1655281.9369682,-414692.54076739,0.86824088833465,4.924038765061,0
0.0020612887500555,-0.035317532783695,4,-0.0023954236001819,0.0016356930104135,0.0035889450470665,-5634258.408705,1279277.2041654,-3285546.67626,1.5628335990024,8.8632697771099,0
0.00094797290506231,-0.02454438746945,8,-0.001172594923361,0.00080610900625624,0.0015346373130832,-5009496.6344572,947443.60250249,-3921209.9572582,2.2574263096701,12.802500789159,0
0.00055314169064227,-0.018938376771154,12,-0.00068126242110077,0.00054603996634183,0.00097507922692687,-4736845.5290116,843415.98653673,-4081483.2692165,2.9520190203378,16.741731801208,0
0.00036960132359599,-0.015585096501192,16,-0.00042350999165344,0.0003809664071003,0.00056330701786675,-4603428.2989665,777386.56284012,-4207869.3599648,3.6466117310055,20.680962813256,0
0.00022038756544207,-0.013196630787743,20,-0.00031017522381611,0.00021913142601425,0.00043982541661994,-4540081.6975258,712652.5704057,-4242838.760323,4.3412044416733,24.620193825305,0
0.00014405511827828,-0.011539376604258,24,-0.00020814374476117,0.00019116786155318,0.00031631242561948,-4484057.0018736,701467.14462127,-4278738.6575561,5.035797152341,28.559424837354,0
