disp_x,disp_y,id,strain_xx,strain_xy,strain_yy,stress_xx,stress_xy,stress_yy,x,y,z
-0.043329649412767,0.060053888678309,0,0.0023172167381795,-0.0095041762201746,0.00097082247375787,-2795550.8653394,-3176670.4880698,-3839148.7078557,3.8302222155949,-3.2139380484327,0
-0.02721986242561,0.034845434354634,4,0.0011930725215342,-0.004006702791004,-0.00025741342590688,-3623370.2709238,-977681.1164016,-4370083.492773,6.8943999880708,-5.7850884871789,0
-0.019506910263478,0.024421222411456,8,0.00060032727730539,-0.0021069440116855,-0.00025706811738701,-4007169.5619976,-217777.60467419,-4418166.2153499,9.9585777605467,-8.356238925925,0
-0.015184490726437,0.018717577850412,12,0.00041600992354178,-0.0012020527071295,-8.6632518907438e-05,-4112661.7258138,144178.91714819,-4372167.6319668,13.022755533023,-10.927389364671,0
-0.012451867453294,0.015143980057984,16,0.00020216256694531,-0.00080595736645596,4.5308608361845e-05,-4240406.4494294,302617.05341762,-4342345.4824315,16.086933305499,-13.498539803417,0
-0.010660821418591,0.012764667480995,20,9.6037154071967e-05,-0.00057721218780981,3.6005278469715e-05,-4309883.7129571,394115.12487608,-4354305.4598907,19.151111077974,-16.069690242163,0
-0.0092942538345562,0.01099384563976,24,0.00012286776039351,-0.00038102087589996,-4.5215856243605e-05,-4299115.2557648,472591.64964001,-4381187.5336007,22.21528885045,-18.64084068091,0
