disp_x,disp_y,id,strain_xx,strain_xy,strain_yy,stress_xx,stress_xy,stress_yy,x,y,z
-0.028089802590347,-0.017309713693252,0,0.0037134674672506,0.0099094891974375,-0.010857219735728,-2853361.1203834,4588795.678975,-7958136.3839284,4.3301270189222,2.5,0
-0.01251862205669,-0.010105254479991,4,0.00036555654988725,0.0024885120631541,-0.0022973743362284,-4325125.7531813,1620404.8252616,-5167361.6217627,7.7942286340599,4.5,0
-0.008313434891694,-0.0070718742734116,8,0.00013080372748122,0.001350309785476,-0.001293654191473,-4395508.3295117,1165123.9141904,-4827282.6812939,11.258330249198,6.5,0
-0.0063476495545233,-0.0055247443300546,12,1.7878715874808e-05,0.00072085430558956,-0.00067802942132994,-4418564.9901484,913341.72223582,-4616171.6881021,14.722431864335,8.5,0
-0.0051534678827535,-0.0045866719726898,16,4.2096812449812e-05,0.00037010379981093,-0.0003477775977178,-4376024.3151285,773041.51992437,-4496024.9496021,18.186533479473,10.5,0
-0.0044122965232184,-0.0039429317583162,20,3.5645277193561e-05,0.00028932818980946,-0.0002837323135118,-4374993.333336,740731.27592378,-4473631.7017725,21.650635094611,12.5,0
-0.0038594161479924,-0.0034992611396434,24,8.2902555917382e-06,0.0002203162680745,-0.00023123750022404,-4388437.6015414,713126.5072298,-4457071.6899411,25.114736709749,14.5,0
