disp_x,disp_y,id,strain_xx,strain_xy,strain_yy,stress_xx,stress_xy,stress_yy,x,y,z
0.0021988773594837,0.0036664614152271,24,-2.7872079592063e-05,0.00024502492345793,-0.00015896193167783,-4405976.2615466,723009.96938317,-4434149.6162216,-22.21528885045,-18.64084068091,0
0.0026200816497545,0.0043756336678141,20,-1.9137980442562e-05,0.00032121428976982,-0.00017033117991362,-4401245.1951769,753485.71590793,-4437507.6629125,-19.151111077974,-16.069690242163,0
0.0032097360421355,0.0053539639633214,16,-1.3923671142468e-05,0.00045700525587213,-0.00024830596548173,-4404210.1793927,807802.10234885,-4464986.0567047,-16.086933305499,-13.498539803417,0
0.004086878712487,0.0068001637381518,12,-2.6966398517465e-05,0.00066051260653329,-0.00035159236531845,-4421055.8813064,889205.04261332,-4503006.7389988,-13.022755533023,-10.927389364671,0
0.0056089160119736,0.0091777314751852,8,-0.00018555493548515,0.0013501398996713,-0.00064453881535866,-4547573.104769,1165055.9598685,-4620732.1074133,-9.9585777605467,-8.356238925925,0
0.0086913042622774,0.014062923124622,4,-0.00014665189855966,0.0029686662540067,-0.0014309868994957,-4586341.3483789,1812466.5016027,-4898990.4279416,-6.8943999880708,-5.7850884871789,0
0.020642483765327,0.027920087345431,0,6.9813474136624e-05,0.012051743975021,-0.0059891967238743,-4816877.2143792,5445697.5900083,-6512493.4664107,-3.8302222155949,-3.2139380484327,0
