disp_x,disp_y,id,strain_xx,strain_xy,strain_yy,stress_xx,stress_xy,stress_yy,x,y,z
-0.038606283720388,0.007850933391837,0,0.0080112958425291,0.0023363565850777,-0.014916620510809,-400476.76202297,1559542.6340311,-9061220.174595,4.924038765061,0.86824088833465,0
-0.019674444030073,0.0016361645150351,4,0.0022054479580229,0.0013879923951906,-0.004089168515399,-3279440.5314174,1180196.9580762,-5658903.2221618,8.8632697771099,1.5628335990024,0
-0.013356622310334,0.00046079920866595,8,0.0007598375647058,0.00072901708492882,-0.001644219921455,-4016693.0868712,916606.83397153,-4901571.4131572,12.802500789159,2.2574263096701,0
-0.010173867743701,4.2874108553997e-05,12,0.00049434378899052,0.00051357941368368,-0.0011885119593163,-4151549.9928457,830431.76547347,-4760092.9559344,16.741731801208,2.9520190203378,0
-0.0083363573006194,-7.6592903601335e-05,16,0.00027272767389531,0.00031794320714847,-0.00064738507420267,-4251047.3972018,752177.28285939,-4584479.7879496,20.680962813256,3.6466117310055,0
-0.0070763170027469,-0.00014359614824229,20,0.00020625410911997,0.00022474900338865,-0.00049740557696825,-4281894.4081389,714899.60135546,-4536217.3049944,24.620193825305,4.3412044416733,0
-0.0061793731748328,-0.00022033676885964,24,0.00011679915525006,0.00019068576446116,-0.00035516085459287,-4328251.8784154,701274.30578446,-4492591.6411743,28.559424837354,5.035797152341,0
