disp_x,disp_y,id,strain_xx,strain_xy,strain_yy,stress_xx,stress_xy,stress_yy,x,y,z
0.008061784910251,-0.0055230981145062,24,0.00029842987154797,-4.1248615368357e-05,-0.00046352394407246,-4219451.2439924,608500.55385266,-4516596.7251865,-28.559424837354,5.035797152341,0
0.0093744488845801,-0.0062471083945295,20,0.00040843736506625,-3.3315425738957e-05,-0.00065848246650372,-4164072.2070838,611673.82970442,-4577413.9894964,-24.620193825305,4.3412044416733,0
0.011163326509186,-0.0072742367344128,16,0.0005754196252308,-7.2140035320295e-05,-0.00088287674620564,-4074193.548818,596143.98587188,-4644130.934661,-20.680962813256,3.6466117310055,0
0.013807013476115,-0.0087953831763476,12,0.00084800690314789,-0.00016525187295273,-0.0010758129402308,-3913372.8212837,558899.25081891,-4691002.3777546,-16.741731801208,2.9520190203378,0
0.017992467664997,-0.01140505051526,8,0.0016004509381266,-0.00021182970910129,-0.0023163111041391,-3527019.9841776,540268.11635948,-5073707.4913398,-12.802500789159,2.2574263096701,0
0.025567189962641,-0.016735754016217,4,0.0030442461045061,-0.0010071842440577,-0.0040360903300662,-2731966.8986254,222126.30237694,-5571692.6790562,-8.8632697771099,1.5628335990024,0
0.04363959874855,-0.033427375529213,0,0.0077115734984449,-0.0047875960445821,-0.011490268456813,-315904.05093571,-1290038.4178328,-7859511.6148084,-4.924038765061,0.86824088833465,0
