disp_x,disp_y,id,strain_xx,strain_xy,strain_yy,stress_xx,stress_xy,stress_yy,x,y,z
0.0027586586441735,-0.013793084659795,24,-0.00025173884981597,-7.2637564957179e-05,0.00048613393337159,-4498475.5574548,595944.97401713,-4221515.2791904,-5.035797152341,28.559424837354,0
0.003218600805219,-0.015747006323998,20,-0.00035608935885326,3.923490325495e-06,0.00052494089249361,-4562890.8232072,626569.3961302,-4216115.1466979,-4.3412044416733,24.620193825305,0
0.003889052123304,-0.01854548013615,16,-0.00041920758896622,-8.0982518188503e-05,0.00081411531796567,-4580244.7861368,592606.9927246,-4117770.3395202,-3.6466117310055,20.680962813256,0
0.0049285458843656,-0.02264339195263,12,-0.00076419683729609,-0.00023215280754141,0.0013957618366038,-4756336.1152702,532138.87698343,-3937691.2324915,-2.9520190203378,16.741731801208,0
0.0066839286252304,-0.0291919067599,8,-0.0013158750143095,-0.0002152579720323,0.0022874856196535,-5041049.4798851,538896.81118708,-3663463.6539658,-2.2574263096701,12.802500789159,0
0.010261047845011,-0.041633339671424,4,-0.0026624684000091,-0.00096928220776826,0.0048239440048075,-5706742.1438921,237287.11689269,-2865333.254395,-1.5628335990024,8.8632697771099,0
0.023550193733019,-0.072818952126946,0,-0.0062752076085262,-0.004539493592989,0.012818884076195,-7395936.3343902,-1190797.4371956,-298241.66881051,-0.86824088833465,4.924038765061,0
