disp_x,disp_y,id,strain_xx,strain_xy,strain_yy,stress_xx,stress_xy,stress_yy,x,y,z
0.00082589227071901,0.0070179248806395,24,-0.00012311523823413,0.00026962903746243,5.6231413340987e-05,-4450149.1325232,732851.61498497,-4364890.7915575,-14.5,-25.114736709749,0
0.0010232712404095,0.0081810043337392,20,-0.00015610885214155,0.00037393156604442,0.00014284026103256,-4464470.22788,774572.62641777,-4336582.0012029,-12.5,-21.650635094611,0
0.0013023543911206,0.0098792431681223,16,-0.00017046623604704,0.00045916270350642,0.00014348428098974,-4473714.859034,808665.08140257,-4337519.1906846,-10.5,-18.186533479473,0
0.0017049556916619,0.012375932272817,12,-0.00030606425914522,0.0007190569157569,0.00020529875848823,-4556493.06287,912622.76630276,-4326427.330769,-8.5,-14.722431864335,0
0.0023234222202246,0.016446846957921,8,-0.0006226161550504,0.0011913194595852,0.00039187329692504,-4746300.0974882,1101527.7838341,-4285407.8569126,-6.5,-11.258330249198,0
0.0033551970473974,0.024423057222559,4,-0.0012052034608636,0.0027669577019747,0.00090491263784924,-5081825.7480954,1731783.0807899,-4149202.2838298,-4.5,-7.7942286340599,0
0.0057503134092893,0.049018462607582,0,-0.0070654435678567,0.01056429277137,0.0055461700104436,-8499116.4027963,4850717.1085482,-2964973.7253041,-2.5,-4.3301270189222,0
