disp_x,disp_y,id,strain_xx,strain_xy,strain_yy,stress_xx,stress_xy,stress_yy,x,y,z
-0.01426028874182,-0.04047085352859,0,-0.0034911773331658,0.012332150681626,-0.00052091856715776,-6678048.3865371,5557860.2726505,-4845332.7820999,3.2139380484327,3.8302222155949,0
-0.0069234504189392,-0.020634375136706,4,-0.00081814025000436,0.0026823919803501,-0.00028543592933657,-4927993.7750596,1697956.79214,-4543677.2754124,5.7850884871789,6.8943999880708,0
-0.0048413689120617,-0.014247183659635,8,-0.00027945487690009,0.001336286137782,-0.00011631007551504,-4565417.9065336,1159514.4551128,-4439347.6116083,8.356238925925,9.9585777605467,0
-0.0038073520971679,-0.010982600961883,12,-0.00018060797846062,0.00075764618308705,-0.00015993996220143,-4504958.6941778,928058.47323482,-4446921.171141,10.927389364671,13.022755533023,0
-0.0031477977507036,-0.0090038976883665,16,-0.00013898840314891,0.00050622217735344,-5.3092898996103e-05,-4469318.7075818,827488.87094138,-4405302.268927,13.498539803417,16.086933305499,0
-0.0027287276789744,-0.0076522273842825,20,-7.3494760992649e-05,0.00032449426173418,-7.5172220228163e-05,-4428704.4794462,754797.70469367,-4407876.7103866,16.069690242163,19.151111077974,0
-0.0024049346737091,-0.006718298848902,24,-6.3287223071104e-05,0.00025074735705412,-7.6056119250547e-05,-4422166.5560752,725298.94282165,-4407362.8543015,18.64084068091,22.21528885045,0
