disp_x,disp_y,id,strain_xx,strain_xy,strain_yy,stress_xx,stress_xy,stress_yy,x,y,z
-0.04446250944827,0.032000834668622,0,0.007690549817848,-0.0047815154965272,-0.01148299979059,-328926.62475936,-1287606.1986109,-7858620.3951224,4.924038765061,-0.86824088833466,0
-0.026467652131321,0.015260754310176,4,0.0029194006575211,-0.00069829911705443,-0.0039557725894169,-2806277.5411817,345680.35317823,-5553105.1441089,8.8632697771099,-1.5628335990024,0
-0.018735254066997,0.0098568022812911,8,0.0016159337470556,-0.00036989987211704,-0.0022815053719025,-3514163.5654941,477040.05115319,-5059993.4524178,12.802500789159,-2.2574263096701,0
-0.014597045768788,0.0073699411464785,12,0.00079005927985165,-4.9358851692955e-05,-0.0012951039118597,-3968730.6466713,605256.45932282,-4774186.0664096,16.741731801208,-2.9520190203378,0
-0.012005718417224,0.0058661380245515,16,0.00053187791152905,-1.8329952156844e-05,-0.00089110428392255,-4103057.7545576,617668.01913726,-4650616.1966328,20.680962813256,-3.6466117310056,0
-0.01023736956809,0.0048553904149712,20,0.00035780261487877,9.9085303078618e-06,-0.00061406562012878,-4193248.032781,628963.41212314,-4565637.8675789,24.620193825305,-4.3412044416733,0
-0.0089424320800184,0.0040911269324305,24,0.00030836733089958,-3.2151375962937e-05,-0.00051522236153826,-4217220.8083049,612139.44961483,-4534288.2760106,28.559424837354,-5.035797152341,0
