disp_x,disp_y,id,strain_xx,strain_xy,strain_yy,stress_xx,stress_xy,stress_yy,x,y,z
0.0067718762858288,-0.0031932837073067,24,0.00022671888878118,0.00010756920786769,-0.00041044835252845,-4261570.6219496,668027.68314708,-4503436.232323,-29,3.5514757175273e-15,0
0.0078760346195835,-0.0035442905345011,20,0.00035565376471101,8.4934150141096e-05,-0.00060448863784679,-4193860.6344987,658973.66005644,-4562385.6048509,-25,3.0616169978684e-15,0
0.0094277810758356,-0.0041036399735307,16,0.0004403178503953,0.00018584501890202,-0.00080343263562537,-4155216.6431184,699338.00756081,-4626690.1370873,-21,2.5717582782094e-15,0
0.011709248850977,-0.0049172993041747,12,0.000777126339352,0.00022162321541348,-0.0012496332304717,-3973407.2659658,713649.28616539,-4758966.6595641,-17,2.0818995585505e-15,0
0.015400804690637,-0.0063723199645559,8,0.0011218738915113,0.00030215570408,-0.0017883856407867,-3793983.9891951,745862.281632,-4923716.2165162,-13,1.5920408388916e-15,0
0.022523551181623,-0.0096577680575328,4,0.0026934217865293,0.00036859861245364,-0.0046818630433092,-3011659.2006292,772439.44498146,-5831307.213473,-9,1.1021821192326e-15,0
0.041352294632834,-0.021674816150503,0,0.0083159688412818,-0.0012460605551512,-0.014000106856672,-128650.78041186,126575.7779395,-8708477.191334,-5,6.1232339957368e-16,0
