disp_x,disp_y,id,strain_xx,strain_xy,strain_yy,stress_xx,stress_xy,stress_yy,x,y,z
0.016560565040682,-0.07021040862233,0,-0.0081884046686903,-0.0015856832043969,0.013739226446466,-8559962.7375276,-9273.2817587433,-124501.69388634,3.0616169978684e-16,5,0
0.0059609751100759,-0.039037204786181,4,-0.0026739693982629,0.00068774347612733,0.0045021772145939,-5740357.9013933,900097.39045093,-2981409.4672378,5.5109105961631e-16,9,0
0.0036664803315673,-0.027227992178691,8,-0.0011939371854091,0.00033338607925465,0.0019767747235809,-4987358.8629572,758354.43170186,-3764731.4301972,7.9602041944578e-16,13,0
0.0026054466049285,-0.021017036430301,12,-0.00073538769432783,0.00020641288643953,0.0013056419501082,-4745010.1829383,707565.15457581,-3967596.7223774,1.0409497792753e-15,17,0
0.0020166182564143,-0.017206711655113,16,-0.00048337860665069,0.00015757262053728,0.00067955950759532,-4632741.2500121,688029.04821491,-4171138.5709095,1.2858791391047e-15,21,0
0.001628756945239,-0.01470754496412,20,-0.0003541461797466,7.6540003793953e-05,0.00057904489290659,-4557232.4086167,655616.00151758,-4196596.5646692,1.5308084989342e-15,25,0
0.0013368908279206,-0.012813017842856,24,-0.00023232196236471,8.03989155912e-05,0.00038796640588701,-4493885.9957751,657159.56623648,-4255064.3784254,1.7757378587637e-15,29,0
