disp_x,disp_y,id,strain_xx,strain_xy,strain_yy,stress_xx,stress_xy,stress_yy,x,y,z
0.0015226937255983,0.0053216924393284,24,-6.8881695803625e-05,0.00024905966802094,-5.3779025085795e-05,-4423977.4786935,724623.86720837,-4399846.2125085,-18.64084068091,-22.21528885045,0
0.0018248268704015,0.0063070449618353,20,-7.7805410088244e-05,0.000359441071586,-0.00012542737659544,-4435582.9144637,768776.4286344,-4426210.5635743,-16.069690242163,-19.151111077974,0
0.0022689713134084,0.0076114455967267,16,-0.00012790092937031,0.00052407293281223,-0.00014535131253791,-4469642.2186923,834629.17312489,-4437414.2613094,-13.498539803417,-16.086933305499,0
0.0029189611677139,0.009563624189547,12,-0.00021276813548777,0.00074890001595174,-0.00014925684374377,-4524914.9152603,924560.0063807,-4445713.8235597,-10.927389364671,-13.022755533023,0
0.0039455189361054,0.012840039907491,8,-0.00036775495098062,0.0013107898624661,-0.00026359571716693,-4634574.2261539,1149315.9449865,-4499233.4271789,-8.356238925925,-9.9585777605467,0
0.0060217243814249,0.019283531738209,4,-0.00079119063098851,0.0028406775495401,-3.0774016459723e-05,-4889831.8376454,1761271.019816,-4450357.4462774,-5.7850884871789,-6.8943999880708,0
0.013408393977248,0.03907876418655,0,-0.0034842763082958,0.012312744903124,-0.00058639041531077,-6678904.323372,5550097.9612494,-4868199.9551539,-3.2139380484327,-3.8302222155949,0
