disp_x,disp_y,id,strain_xx,strain_xy,strain_yy,stress_xx,stress_xy,stress_yy,x,y,z
0.0039896287864334,0.00050820725791092,24,7.4685503908959e-05,0.00021430963605038,-0.00028862659637349,-4350111.1893825,710723.85442015,-4472208.0387511,-27.251086002791,-9.9185841564444,0
0.0046911848652129,0.00072104106962364,20,7.9223118165908e-05,0.00027912318945269,-0.0003871391690671,-4355184.6418932,736649.27578107,-4507090.6978324,-23.492315519648,-8.5505035831417,0
0.0056775150271729,0.0010149367608278,16,0.00013001686486891,0.00036539727079591,-0.00046902802143657,-4328953.3511377,771158.90831837,-4532262.8531352,-19.733545036504,-7.182423009839,0
0.0071660975656034,0.0014200564343402,12,0.0002826106611051,0.00059285907619462,-0.00087473031036725,-4263137.0915216,862143.63047785,-4665029.1397019,-15.97477455336,-5.8143424365364,0
0.0096962582699607,0.0020567407038644,8,0.0004351790866088,0.0010247003756196,-0.0015708975136339,-4220959.9472225,1034880.1502478,-4901737.3111039,-12.216004070217,-4.4462618632337,0
0.015062379878129,0.0030405134234814,4,0.0011909426498174,0.0021592097120759,-0.0031673495413236,-3861406.2935488,1488683.8848304,-5411546.8117189,-8.4572335870732,-3.078181289931,0
0.033004929581195,0.0033604293705694,0,0.0064710588586277,0.0064476647594968,-0.013938889089051,-1318328.6049525,3204065.9037987,-8836612.3458485,-4.6984631039295,-1.7101007166283,0
