disp_x,disp_y,id,strain_xx,strain_xy,strain_yy,stress_xx,stress_xy,stress_yy,x,y,z
0.0042637938113393,-0.014325374475763,24,-0.0002664876703671,-0.00018719482227384,0.00043606687107957,-4512097.8485577,550122.07109046,-4240630.7317323,-9.9185841564444,27.251086002791,0
0.0049673292580894,-0.016370924318649,20,-0.00031562049120396,-0.00022326318111966,0.00066359586568916,-4525409.1210217,535694.72755214,-4163207.7014674,-8.5505035831417,23.492315519648,0
0.0059586247302638,-0.019215706293727,16,-0.00043019647911351,-0.0003508531977674,0.00094514322750661,-4576704.4249724,484658.72089304,-4071777.0723082,-7.182423009839,19.733545036504,0
0.0074796232512728,-0.023488873360655,12,-0.00057601761309077,-0.00056569615657315,0.0012614398823493,-4645406.2084406,398721.53737074,-3970452.8523019,-5.8143424365364,15.97477455336,0
0.0099322260377368,-0.03027581114257,8,-0.0010480691707859,-0.00090597591603977,0.0021806705573316,-4876320.9443015,262609.63358409,-3679906.4143021,-4.4462618632337,12.216004070217,0
0.014970307475647,-0.043035467118406,4,-0.0019212122943285,-0.0023728582913028,0.0045364630413254,-5250127.776828,-324143.31652114,-2907921.0461299,-3.078181289931,8.4572335870732,0
0.029807556211129,-0.073211778417722,0,-0.003868394261416,-0.0068371611683386,0.010728948380267,-6007392.4133892,-2109864.4673354,-850363.93081858,-1.7101007166283,4.6984631039295,0
