disp_x,disp_y,id,strain_xx,strain_xy,strain_yy,stress_xx,stress_xy,stress_yy,x,y,z
-0.045455748536617,0.042767123197741,0,0.0062446510564783,-0.0073904903110336,-0.0077169649202482,-958925.71498444,-2331196.1244135,-6628575.1775186,4.6984631039295,-1.7101007166283,0
-0.028267817197557,0.022513504344666,4,0.0028350920239133,-0.002155973564545,-0.0030479608954407,-2787041.1655587,-237389.42581802,-5235110.8376172,8.4572335870732,-3.078181289931,0
-0.020389473807418,0.015251882483063,8,0.0014093912648856,-0.00095202271813942,-0.0019323634072909,-3619513.7495812,244190.91274423,-4951854.1778134,12.216004070217,-4.4462618632337,0
-0.015916269516205,0.011520988678829,12,0.00099639952097427,-0.00074273018228286,-0.0009617199159772,-3808003.523806,327907.92708686,-4638107.0360527,15.97477455336,-5.8143424365364,0
-0.01308586266377,0.0092214517307209,16,0.00053928294070472,-0.00034259161888325,-0.00075040831734871,-4086820.2845371,487963.3524467,-4599667.3914377,19.733545036504,-7.182423009839,0
-0.011134018629409,0.007674200228107,20,0.00045289838143985,-0.0003424369952353,-0.00047855969936144,-4120649.2288783,488025.20190588,-4509414.6271393,23.492315519648,-8.5505035831417,0
-0.0097666659450805,0.0066369635534099,24,0.00033587443259268,-0.00019707360163334,-0.00035502674728395,-4186380.5533348,546170.55934666,-4474726.8820413,27.251086002791,-9.9185841564444,0
