disp_x,disp_y,id,strain_xx,strain_xy,strain_yy,stress_xx,stress_xy,stress_yy,x,y,z
-0.045066030876517,0.052208305252178,0,0.0043923463091802,-0.0089701126231463,-0.0034069097601525,-1807846.0788638,-2963045.0492585,-5236909.8529243,4.3301270189222,-2.5,0
-0.028616040741124,0.029146059921493,4,0.0024937726330095,-0.0033275118202937,-0.0019449445263099,-2918354.5787832,-706004.72811747,-4868166.5416724,7.7942286340599,-4.5,0
-0.020604812558896,0.020203759196955,8,0.00096700912310175,-0.0015543757518938,-0.0010106831417316,-3831017.0776269,3249.6992424601,-4658018.2501818,11.258330249198,-6.5,0
-0.01617362321539,0.015491632006203,12,0.00077556621768858,-0.00091941812563035,-0.00062937798956498,-3923973.9125699,257232.74974786,-4537141.7107236,14.722431864335,-8.5,0
-0.01324219884935,0.012537103817967,16,0.00046152498191225,-0.00066727774412346,-0.00032711320353264,-4102746.430257,358088.90235062,-4454519.5109397,18.186533479473,-10.5,0
-0.011309506025023,0.010474253908298,20,0.00027745373272746,-0.00046085092348652,-0.0002796342881264,-4218078.9489474,440659.63060539,-4452499.6713213,21.650635094611,-12.5,0
-0.0098622979503182,0.0089963551536873,24,0.00023089904110909,-0.00030014956915561,-0.00026694886643773,-4247193.3924871,504940.17233776,-4451746.4871655,25.114736709749,-14.5,0
