disp_x,disp_y,id,strain_xx,strain_xy,strain_yy,stress_xx,stress_xy,stress_yy,x,y,z
-0.02150413798231,-0.02933083041554,0,5.1820517855502e-05,0.012041489505721,-0.0059190804659539,-4822826.0510837,5441595.8022885,-6488866.4153451,3.8302222155949,3.2139380484327,0
-0.0095790951684396,-0.015470084258886,4,-0.00018696560182476,0.0026986677010303,-0.0013581740499023,-4606524.4975638,1704467.0804121,-4876213.7128157,6.8943999880708,5.7850884871789,0
-0.006487311590444,-0.010599833227723,8,-0.00015621890591182,0.0013528024779103,-0.0007410720237765,-4536427.5685518,1166120.9911641,-4652889.6870572,9.9585777605467,8.356238925925,0
-0.0049783534763313,-0.0082359149780654,12,-4.3458750869883e-05,0.00073080018192132,-0.00035013766668747,-4431617.0637629,917320.07276853,-4503827.4665456,13.022755533023,10.927389364671,0
-0.0041143496720728,-0.0067169505187559,16,3.0043828343977e-06,0.00042058846312546,-0.0002834978138197,-4396110.6084728,793235.38525019,-4476202.3797726,16.086933305499,13.498539803417,0
-0.0035030033428925,-0.0057615562161364,20,5.4283313969526e-06,0.0003188647121757,-0.00022144603507272,-4389494.5052775,752545.88487028,-4453800.669055,19.151111077974,16.069690242163,0
-0.0030936621908254,-0.0050611435850215,24,-3.8274824209474e-05,0.00025060231221365,-0.00014480947075566,-4411561.4949668,725240.92488546,-4429931.3322752,22.21528885045,18.64084068091,0
