disp_x,disp_y,id,strain_xx,strain_xy,strain_yy,stress_xx,stress_xy,stress_yy,x,y,z
0.0072686247019483,-0.01370719475868,24,-4.0796680671218e-05,-0.0003961060509155,0.00019089240635034,-4385892.8222229,466557.5796338,-4310009.0337764,-18.64084068091,22.21528885045,0
0.0084437744601235,-0.015646741109041,20,-2.1255869970899e-05,-0.00052209586981288,0.00025858746828384,-4367733.8816197,416161.65207485,-4284195.867596,-16.069690242163,19.151111077974,0
0.010064995753174,-0.01837480464834,16,-7.92094421101e-05,-0.000735943241364,0.00043460709825132,-4390946.0703929,330622.7034544,-4225922.2895946,-13.498539803417,16.086933305499,0
0.01246690499019,-0.022375688037118,12,-0.0001320257885682,-0.0010753293374336,0.00067640506056334,-4405482.1253626,194868.26502654,-4143692.8296528,-10.927389364671,13.022755533023,0
0.016307919053643,-0.028707891121038,8,-0.00016896350242274,-0.0020474997268632,0.00086535833606533,-4414033.8089364,-193999.89074528,-4079081.9222408,-8.356238925925,9.9585777605467,0
0.023461723432636,-0.040376294839521,4,-0.00046312281206779,-0.0036262869624659,0.0018414585437601,-4525130.8251753,-825514.78498635,-3753717.847332,-5.7850884871789,6.8943999880708,0
0.039418126148186,-0.067446725226894,0,0.00048827595474294,-0.009234092075035,0.0045127866085906,-3691808.7460516,-3068636.830014,-2720436.5715966,-3.2139380484327,3.8302222155949,0
