disp_x,disp_y,id,strain_xx,strain_xy,strain_yy,stress_xx,stress_xy,stress_yy,x,y,z
0.0029775906422414,0.002085577262927,24,2.252931707544e-05,0.00021791083620831,-0.00021301364267273,-4377735.1182094,712164.33448332,-4449392.451316,-25.114736709749,-14.5,0
0.0035181844161778,0.0025454244414381,20,1.7614145764407e-05,0.00028695986120135,-0.00029115849045221,-4387273.1960926,739783.94448054,-4477755.5019811,-21.650635094611,-12.5,0
0.0042913130325628,0.0031871546163982,16,1.4217330502148e-05,0.00047186343826118,-0.0004686137775116,-4403904.7108682,813745.37530447,-4541532.2676097,-18.186533479473,-10.5,0
0.0054677523307146,0.004098743100066,12,0.00010839360065241,0.00062268997601946,-0.00061943322281345,-4355187.3484053,874075.99040779,-4587842.3348005,-14.722431864335,-8.5,0
0.0074086511074274,0.005688819725552,8,0.00024500713268325,0.0011395019183534,-0.0011996390028027,-4313910.852653,1080800.7673414,-4784352.4939443,-11.258330249198,-6.5,0
0.01168946637964,0.0086805631805808,4,0.00048308353441878,0.0027137014232834,-0.0022780961714862,-4247454.2694311,1710480.5693134,-5150904.9968786,-7.7942286340599,-4.5,0
0.027248032138133,0.015892438871047,0,0.003741665885106,0.0098965977441533,-0.010871515718598,-2836264.1153645,4583639.0976613,-7960958.7541246,-4.3301270189222,-2.5,0
