disp_x,disp_y,id,strain_xx,strain_xy,strain_yy,stress_xx,stress_xy,stress_yy,x,y,z
-0.024421934463878,0.07143423720605,0,-0.006242905365218,-0.0045324053560407,0.012809152340372,-7375810.733241,-1187962.1424163,-299097.01862602,0.86824088833465,-4.924038765061,0
-0.011178726626761,0.040290698163265,4,-0.0026017855928546,-0.00065838037912244,0.0049831340357394,-5654501.011237,361647.84835102,-2803433.6119428,1.5628335990024,-8.8632697771099,0
-0.0075893580107626,0.027855780055879,8,-0.0013264212789993,-0.00011035166016294,0.0021125273935251,-5062107.4837599,580859.33593483,-3726928.3169649,2.2574263096701,-12.802500789159,0
-0.0058095915188154,0.021202481331816,12,-0.00069134802783066,-0.00014479006408152,0.0013293986482932,-4714560.5893801,567083.97436739,-3955514.0162055,2.9520190203378,-16.741731801208,0
-0.0047658629535044,0.01708580585731,16,-0.00050827849265541,-0.00010433938073779,0.00081852872854501,-4637562.9970496,583264.24770488,-4123434.9305373,3.6466117310055,-20.680962813256,0
-0.0041061345457168,0.014363052815226,20,-0.00032217336733074,-6.8863670913828e-05,0.00060738499448447,-4534223.8533387,597454.53163447,-4183855.0986691,4.3412044416732,-24.620193825305,0
-0.0036282630229132,0.012380206024886,24,-0.00027932469889718,-8.2569324980812e-06,0.00041685815053658,-4521972.5529356,621697.22700077,-4248548.3698851,5.035797152341,-28.559424837354,0
