disp_x,disp_y,id,strain_xx,strain_xy,strain_yy,stress_xx,stress_xy,stress_yy,x,y,z
-0.042177745014612,0.020236889624689,0,0.0083326230006986,-0.0012557285445532,-0.014028477323927,-120173.80413813,122708.58217871,-8717274.8298305,5,0,0
-0.023400226632624,0.0082280522500279,4,0.0024977383842231,0.00039039393333272,-0.0046341549084198,-3134492.4330957,781157.57333309,-5830149.7335085,9,0,0
-0.016278485670113,0.0049928870987464,8,0.0011393523805674,0.00050139611117616,-0.0020733879082013,-3805844.3605496,825558.44447046,-5024279.8112605,13,0,0
-0.012558310912426,0.0034869795606739,12,0.00083681072930769,0.00018889538341978,-0.0012485589371663,-3934671.7542376,700558.15336791,-4753728.2730176,17,0,0
-0.010272477483383,0.002652215083751,16,0.00042586255835596,0.00023886337174901,-0.00077169965922197,-4161996.2973398,720545.34869961,-4616510.4323374,21,0,0
-0.008757375994209,0.0021616384814305,20,0.00032644753955728,0.00012627522119188,-0.00055403596740852,-4208669.7162248,675510.08847675,-4546706.9055367,25,0,0
-0.0076629776823875,0.00180634861448,24,0.00022426354345153,0.00012524519522382,-0.00046200007423604,-4267353.1160427,675098.07808953,-4522083.1612248,29,0,0
