disp_x,disp_y,id,strain_xx,strain_xy,strain_yy,stress_xx,stress_xy,stress_yy,x,y,z
-0.0022416538303171,0.011416047678198,24,-0.0002557034890198,9.1415048619176e-05,0.00038821306965768,-4509006.4532052,661566.01944767,-4256877.6655543,-5.327213576291e-15,-29,0
-0.002487268818379,0.013254019528637,20,-0.00036171477872267,8.6128317686092e-05,0.00053252474405461,-4565916.7450923,659451.32707444,-4213858.844425,-4.5924254968026e-15,-25,0
-0.002889178927479,0.015833752490553,16,-0.00047189849641108,0.00013870012907155,0.00076195791759582,-4618606.1690489,680480.05162862,-4140719.5197978,-3.8576374173142e-15,-21,0
-0.0034659125055217,0.01962305487528,12,-0.00073957213342136,0.00023974629206905,0.0011716530932614,-4758616.7157902,720898.51682762,-4015883.5372935,-3.1228493378258e-15,-17,0
-0.0045224973981178,0.025818490512391,8,-0.0012899049359112,0.00019518781550559,0.0023261684030171,-5021086.8053793,703075.12620224,-3647509.3531358,-2.3880612583373e-15,-13,0
-0.0068309021316762,0.037625839608044,4,-0.0026890117061998,0.0006420964384851,0.0039824015095967,-5792370.3080407,881838.57539404,-3168629.0970249,-1.6532731788489e-15,-9,0
-0.017433186745227,0.068845727409798,0,-0.008220389710371,-0.0016116469518911,0.01377157367673,-8578043.6833904,-19658.780756431,-115527.82960097,-9.1848509936051e-16,-5,0
