disp_x,disp_y,id,strain_xx,strain_xy,strain_yy,stress_xx,stress_xy,stress_yy,x,y,z
0.0058136838629641,-0.014340225581915,24,-0.00015563164105935,-0.00030002084949926,0.00031278320053507,-4450340.2370002,504991.66020029,-4275730.893432,-14.5,25.114736709749,0
0.0067810080993608,-0.016396821184134,20,-0.00022074390795456,-0.00042345308282465,0.00045603054608427,-4480853.2573196,455618.76687014,-4229766.7298202,-12.5,21.650635094611,0
0.0081137617642986,-0.019230176244364,16,-0.00025587681604095,-0.00056350568273046,0.00068008309197926,-4485381.729564,399597.72690782,-4152449.1370954,-10.5,18.186533479473,0
0.010057386592598,-0.023459959811772,12,-0.00038350937047671,-0.00089578963499829,0.00084624849751018,-4554515.3941191,266684.14600069,-4103368.583676,-8.5,14.722431864335,0
0.01327703517802,-0.03016787687945,8,-0.00076688762226643,-0.0015337811760875,0.0015916840897514,-4742144.7107225,11487.529565013,-3867801.3440786,-6.5,11.258330249198,0
0.019476845588769,-0.042653105947897,4,-0.0015898907018843,-0.0027341549287684,0.003377422147464,-5129844.6723993,-468661.97150735,-3295726.2228976,-4.5,7.7942286340599,0
0.035151033035992,-0.071388576961728,0,-0.001613756390313,-0.0083472007870226,0.007929861778243,-4775061.7168487,-2713880.3148091,-1668624.4022239,-2.5,4.3301270189222,0
