disp_x,disp_y,id,strain_xx,strain_xy,strain_yy,stress_xx,stress_xy,stress_yy,x,y,z
0.008883519287096,-0.0080303073718983,24,0.00028786537595777,-0.00021366665818248,-0.0003970012927853,-4220882.099066,539533.33672701,-4493651.4729291,-27.251086002791,9.9185841564444,0
0.010307638006074,-0.0091249755898382,20,0.00045138976593552,-0.0002522021139442,-0.00048034138318243,-4121771.019895,524119.15442232,-4510174.8754132,-23.492315519648,8.5505035831417,0
0.012237035098169,-0.010648747976437,16,0.00064607266797901,-0.00038246856986583,-0.00067071816851936,-4011188.4894885,472012.57205367,-4562466.2026453,-19.733545036504,7.182423009839,0
0.015068305611776,-0.012953809290619,12,0.00084509180990096,-0.00054741655722306,-0.0011784228032474,-3923605.4350634,406033.37711078,-4727957.3167209,-15.97477455336,5.8143424365364,0
0.019571588262237,-0.016671341866423,8,0.0015434177545295,-0.00097192009541847,-0.001636388084691,-3508655.1509896,236231.96183261,-4835042.5207026,-12.216004070217,4.4462618632337,0
0.027446365284845,-0.023850786064029,4,0.0027822548830603,-0.0020367639773858,-0.0031160201884921,-2826790.4965061,-189705.5909543,-5263762.236067,-8.4572335870732,3.078181289931,0
0.044604858789418,-0.044198012429682,0,0.0062626644715042,-0.0073789782684288,-0.0077111458549936,-946788.02617105,-2326591.3073715,-6625027.9061867,-4.6984631039295,1.7101007166283,0
