disp_x,disp_y,id,strain_xx,strain_xy,strain_yy,stress_xx,stress_xy,stress_yy,x,y,z
0.0089953809774286,-0.010446300808536,24,0.00023004458030025,-0.00036469482348681,-0.00018679659319409,-4241228.134862,479122.07060528,-4423134.3281609,-25.114736709749,14.5,0
0.010449067947473,-0.01193832781352,20,0.0003301732087533,-0.00046317412464024,-0.00023153082429023,-4180028.7618296,439730.3501439,-4430998.8262894,-21.650635094611,12.5,0
0.012388808360388,-0.013941970708408,16,0.00045502764427706,-0.00060895442330029,-0.00051980917978269,-4122625.1451169,381418.23067989,-4524002.1539426,-18.186533479473,10.5,0
0.015226891165957,-0.016848116140703,12,0.00072943991268894,-0.0011094655055091,-0.0004734584388176,-3941162.1328285,181213.79779636,-4485098.8570914,-14.722431864335,8.5,0
0.019808068842252,-0.02164129642889,8,0.0009801744822885,-0.0016174118085247,-0.00095267420729896,-3817774.2541739,-21964.723409883,-4636189.6604515,-11.258330249198,6.5,0
0.027740268014319,-0.030532490156391,4,0.0021920982544507,-0.0034202058717653,-0.0018171723578344,-3103310.0275222,-743082.3487061,-4846978.9326037,-7.7942286340599,4.5,0
0.044221589937419,-0.053636032864605,0,0.0043839526816995,-0.008928960688604,-0.0033967530723558,-1812455.289664,-2946584.2754416,-5233958.0186681,-4.3301270189222,2.5,0
