disp_x,disp_y,id,strain_xx,strain_xy,strain_yy,stress_xx,stress_xy,stress_yy,x,y,z
0.0083958625739714,-0.012391691429814,24,0.00010696631925325,-0.00042065188559503,7.5753769723e-06,-4305118.7438726,456739.24576199,-4363589.9638322,-22.21528885045,18.64084068091,0
0.0097172750214911,-0.014158561736694,20,0.00015798410562375,-0.00054289120222778,-6.8696954077207e-05,-4278285.6023173,407843.51910889,-4386734.0854094,-19.151111077974,16.069690242163,0
0.011613872682905,-0.016598834992626,16,0.0002630283622455,-0.00078299528634937,-5.9578456114066e-05,-4209523.464605,311801.88546025,-4374928.1754845,-16.086933305499,13.498539803417,0
0.01433652655785,-0.020162556542652,12,0.00024775606307764,-0.0011553804272496,8.750219966302e-05,-4207451.2659316,162847.82910016,-4323538.9589795,-13.022755533023,10.927389364671,0
0.018617732733663,-0.025781690960437,8,0.00055408763074883,-0.002025728458783,-0.00017706362168682,-4030605.1315274,-185291.38351319,-4393297.9852736,-9.9585777605467,8.356238925925,0
0.026342261006513,-0.036224545840632,4,0.00076277312458074,-0.0037315921172762,5.1168315938382e-05,-3876911.0776146,-867636.84691049,-4294655.7827728,-6.8943999880708,5.7850884871789,0
0.042469738083164,-0.061461008270047,0,0.0023267990410336,-0.0094860126559115,0.00098535275150114,-2788164.2166362,-3169405.0623646,-3833169.8989615,-3.8302222155949,3.2139380484327,0
