disp_x,disp_y,id,strain_xx,strain_xy,strain_yy,stress_xx,stress_xy,stress_yy,x,y,z
-0.036020796720985,0.070012598244572,0,-0.0016172487085919,-0.0083439901397507,0.0079547441677896,-4775299.5251294,-2712596.0559003,-1660004.5205654,2.5,-4.3301270189222,0
-0.020311064975586,0.041203147000304,4,-0.0013411179428405,-0.0031681788639827,0.0034351128724008,-4964062.0676958,-642271.54559308,-3254850.2202753,4.5,-7.7942286340599,0
-0.014143166702531,0.028742241808777,8,-0.00077042298515669,-0.0014543086497144,0.0015706194182772,-4746147.1361977,43276.540114227,-3875626.6367417,6.5,-11.258330249198,0
-0.010963341927979,0.022040980376747,12,-0.00051473327800755,-0.00086295590375273,0.001004283126786,-4626635.8631801,279817.63849891,-4057489.6177661,8.5,-14.722431864335,0
-0.0089850182266375,0.01781896109594,16,-0.00030918436180328,-0.00056716135611094,0.00068984469923429,-4519106.7145454,398135.45755563,-4153291.3997054,10.5,-18.186533479473,0
-0.0076302038226909,0.014953209916921,20,-0.00022645762074838,-0.00039006715154749,0.00042701545853098,-4486912.8403667,468973.139381,-4240614.1544591,12.5,-21.650635094611,0
-0.0066921136128928,0.012923478686756,24,-0.00016666916028661,-0.00029178937368394,0.00041606744499091,-4449087.6787049,508284.25052642,-4239669.3604984,14.5,-25.114736709749,0
