disp_x,disp_y,id,strain_xx,strain_xy,strain_yy,stress_xx,stress_xy,stress_yy,x,y,z
0.0053025417711549,-0.0011970620532827,24,0.00014498547627484,0.00018078998307806,-0.00038169883623837,-4312158.3136002,697315.99323122,-4499795.6659675,-28.559424837354,-5.035797152341,0
0.006202139291383,-0.0012532905253385,20,0.00018663050524767,0.00023392173478025,-0.00044742076516089,-4290536.3908107,718568.6939121,-4519926.6966028,-24.620193825305,-4.3412044416733,0
0.0074652308754064,-0.0013452381478597,16,0.00029764554323597,0.00033146515694435,-0.00066190431954155,-4236092.8420615,757586.06277774,-4587648.8479727,-20.680962813256,-3.6466117310055,0
0.0093094767975433,-0.0015021314758881,12,0.00051162794589744,0.00046451356500801,-0.0011157848827022,-4134443.090633,810805.4260032,-4732662.6633509,-16.741731801208,-2.9520190203378,0
0.012517692834661,-0.001960814943127,8,0.00080552591380394,0.00089045689134193,-0.0020172839894604,-4017448.208408,981182.75653677,-5031352.7713224,-12.802500789159,-2.2574263096701,0
0.018843290159401,-0.003031176297923,4,0.0020187241900955,0.0014793250961463,-0.0041930450797786,-3408799.9784955,1216730.0384585,-5711260.0745036,-8.8632697771099,-1.5628335990024,0
0.037752158866562,-0.0092888003169903,0,0.0080316644597475,0.0023342630085888,-0.014880953439315,-384386.52754353,1558705.2034355,-9046800.5655436,-4.924038765061,-0.86824088833465,0
