disp_x,disp_y,id,strain_xx,strain_xy,strain_yy,stress_xx,stress_xy,stress_yy,x,y,z
0.0012463408459235,-0.058825261885705,0,-0.0092194296066471,0.0070270507804439,0.010408783469576,-9498450.0420146,3435820.3121776,-1400116.0946626,1.7101007166283,4.6984631039295,0
-0.001331927942314,-0.030716458040065,4,-0.0018525999502685,0.0021401776987144,0.0019054780177678,-5419668.9513326,1481071.0794858,-3843811.3805834,3.078181289931,8.4572335870732,0
-0.0012629210379683,-0.021345129995681,8,-0.00087636486643217,0.0010941346533688,0.0012821774263857,-4838207.1100916,1062653.8613475,-3987458.5290599,4.4462618632337,12.216004070217,0
-0.001145881807415,-0.01648860167379,12,-0.00053912802938136,0.00072315480131593,0.00050545469056184,-4683000.7868105,914261.92052637,-4237974.0949082,5.8143424365364,15.97477455336,0
-0.0009999290976375,-0.013494633587182,16,-0.00035662489951551,0.00051771350096207,0.00035427316831768,-4577117.5296127,832085.40038483,-4277230.3548375,7.182423009839,19.733545036504,0
-0.00094034564829811,-0.011491352978917,20,-0.00022377799631286,0.00032902135186712,0.00027315381235007,-4497690.8020952,756608.54074685,-4295454.0037005,8.5505035831417,23.492315519648,0
-0.00087327621483405,-0.010049733300421,24,-0.00017537027899383,0.00025899728822108,0.00019202064507449,-4472943.1075868,728598.91528843,-4320549.794017,9.9185841564444,27.251086002791,0
